	Kohl-LQ-Groundhog-KPM-G002	Kohl-LQ-Groundhog-KPM-G003	Kohl-LQ-Groundhog-KPM-G013	Kohl-LQ-Groundhog-KPM-G014	Kohl-LQ-Groundhog-KPM-G015	Kohl-LQ-Groundhog-KPM-G016	Kohl-LQ-Groundhog-KPM-G017	Kohl-LQ-Groundhog-KPM-G018	Kohl-LQ-Groundhog-KPM-G019	Kohl-LQ-Groundhog-KPM-G020	Kohl-LQ-Groundhog-KPM-G030	Kohl-LQ-Groundhog-KPM-G031	Kohl-LQ-Groundhog-KPM-G032	Kohl-LQ-Groundhog-KPM-G033	Kohl-LQ-Groundhog-KPM-G034	Kohl-LQ-Groundhog-KPM-G035	Kohl-LQ-Groundhog-KPM-G036	Kohl-LQ-Groundhog-KPM-G037	Kohl-LQ-Groundhog-KPM-G038	Kohl-LQ-Groundhog-KPM-G048	Kohl-LQ-Groundhog-KPM-G049	Kohl-LQ-Groundhog-KPM-G050	Kohl-LQ-Groundhog-KPM-G051	Kohl-LQ-Groundhog-KPM-G052	Kohl-LQ-Groundhog-KPM-G053	Kohl-LQ-Groundhog-KPM-G054	Kohl-LQ-Groundhog-KPM-G055	Kohl-LQ-Groundhog-KPM-G056	Kohl-LQ-Groundhog-KPM-G066	Kohl-LQ-Groundhog-KPM-G067	Kohl-LQ-Groundhog-KPM-G068	Kohl-LQ-Groundhog-KPM-G069	Kohl-LQ-Groundhog-KPM-G070	Kohl-LQ-Groundhog-KPM-G071	Kohl-LQ-Groundhog-KPM-G072	Kohl-LQ-Groundhog-KPM-G073	Kohl-LQ-Groundhog-KPM-G074	Kohl-LQ-Groundhog-KPM-G084	Kohl-LQ-Groundhog-KPM-G085	Kohl-LQ-Groundhog-KPM-G086	Kohl-LQ-Groundhog-KPM-G087	Kohl-LQ-Groundhog-KPM-G088	Kohl-LQ-Groundhog-KPM-G089	Kohl-LQ-Groundhog-KPM-G090	Kohl-LQ-Groundhog-KPM-G091	Kohl-LQ-Groundhog-KPM-G092	Kohl-LQ-Groundhog-KPM-G102	Kohl-LQ-Groundhog-KPM-G103	Kohl-LQ-Groundhog-KPM-G104	Kohl-LQ-Groundhog-KPM-G105	Kohl-LQ-Groundhog-KPM-G106	Kohl-LQ-Groundhog-KPM-G107	Kohl-LQ-Groundhog-KPM-G108	Kohl-LQ-Groundhog-KPM-G109	Kohl-LQ-Groundhog-KPM-G110
Kohl-LQ-Groundhog-KPM-G002	0	0.175138927	0.345098147	0.347948578	0.35473007	0.417985551	0.379791677	0.381299339	0.373404612	0.522613606	0.382461983	0.392108513	0.383315145	0.349073462	0.375472271	0.355687878	0.377034799	0.366383703	0.378527124	0.371955815	0.386637232	0.371723498	0.347149842	0.344123515	0.36619659	0.387155341	0.370394525	0.415198437	0.360540766	0.382313779	0.359921205	0.392082171	0.369330145	0.391605543	0.373051118	0.384138033	0.368001779	0.381781276	0.381593747	0.35928907	0.345198645	0.397279312	0.37518155	0.335163253	0.384389435	0.3586823	0.294385162	0.371555014	0.33454063	0.371217509	0.338710374	0.33964245	0.334231619	0.309197754	0.284878092
Kohl-LQ-Groundhog-KPM-G003	0.175138927	0	0.340489521	0.333930027	0.330996916	0.396895466	0.352564988	0.358722605	0.340425121	0.50144382	0.358944351	0.358885512	0.360838132	0.339966259	0.353516239	0.347767548	0.354298236	0.332568051	0.355364682	0.349036937	0.353011336	0.34816761	0.336595506	0.317279586	0.351710501	0.364653539	0.337368323	0.427942485	0.33774934	0.353641866	0.346572015	0.370048503	0.336073882	0.368129946	0.348810094	0.35156542	0.342939475	0.35422076	0.352413849	0.346874527	0.336659727	0.364483246	0.354036386	0.329699365	0.35164543	0.33403006	0.267939895	0.349689642	0.330043989	0.346863225	0.335869231	0.30368477	0.301801447	0.262413402	0.228687839
Kohl-LQ-Groundhog-KPM-G013	0.345098147	0.340489521	0	0.122545031	0.157491896	0.215750052	0.174574526	0.201590703	0.235741434	0.365228884	0.151887185	0.201694172	0.132392558	0.154054002	0.167541007	0.1404701	0.196938778	0.232962873	0.195972914	0.167003888	0.252449832	0.174658965	0.147961599	0.129754267	0.108003112	0.105117271	0.234251792	0.319686986	0.157335178	0.203650659	0.155053679	0.111191556	0.23488359	0.120386254	0.145186174	0.247762144	0.143232736	0.115621012	0.208900131	0.151931588	0.139616014	0.222430273	0.076563766	0.070703668	0.25013581	0.121914014	0.142506501	0.146916103	0.084851018	0.224634439	0.08524727	0.222512469	0.321936778	0.327509206	0.295843429
Kohl-LQ-Groundhog-KPM-G014	0.347948578	0.333930027	0.122545031	0	0.1297263	0.166884569	0.105394317	0.111717095	0.214815006	0.319276004	0.132028224	0.234090803	0.148587195	0.147456278	0.071462046	0.136102279	0.102888854	0.215552492	0.0997235	0.083823986	0.230857105	0.118528024	0.117556868	0.153034377	0.126719376	0.135791793	0.212479935	0.269541674	0.110363107	0.137593972	0.10763661	0.138192259	0.213369823	0.141121597	0.113963844	0.226315974	0.114688935	0.143483071	0.139283267	0.097117297	0.075157893	0.239045164	0.114740665	0.094407673	0.22857586	0.1143146	0.157973425	0.11182839	0.107206556	0.15911669	0.110686897	0.203621618	0.313104465	0.317066996	0.288659662
Kohl-LQ-Groundhog-KPM-G015	0.35473007	0.330996916	0.157491896	0.1297263	0	0.206310243	0.119913552	0.162895179	0.08801626	0.379315061	0.135252264	0.11206457	0.135644293	0.157193562	0.11371089	0.153940705	0.158468125	0.087382818	0.157843565	0.092455773	0.117521762	0.066857945	0.09829458	0.104892498	0.085755542	0.144974748	0.087180802	0.296094865	0.042257507	0.150889548	0.131253074	0.150979068	0.088351037	0.128731129	0.066149215	0.106725052	0.063597746	0.090523379	0.154961012	0.127500759	0.115047447	0.123605037	0.111571545	0.137822469	0.112259551	0.059935021	0.129766136	0.076153756	0.151144587	0.167801053	0.160791976	0.085707523	0.291248648	0.303734774	0.270397054
Kohl-LQ-Groundhog-KPM-G016	0.417985551	0.396895466	0.215750052	0.166884569	0.206310243	0	0.259674634	0.221936924	0.291517612	0.1821715	0.206468533	0.310664444	0.228876587	0.243593104	0.225515348	0.231951916	0.216161171	0.291789919	0.21691866	0.187464767	0.30851682	0.19843317	0.192984728	0.227427452	0.211883599	0.229522264	0.289079147	0.371553073	0.187496966	0.290885538	0.265530128	0.233359786	0.289596663	0.240333037	0.1994395	0.302714318	0.206526153	0.233824013	0.293412066	0.254012108	0.23533755	0.318684778	0.218576694	0.195533408	0.30437058	0.200106737	0.23272663	0.193883113	0.179279371	0.307282231	0.186168716	0.279568456	0.245654178	0.25671566	0.302954614
Kohl-LQ-Groundhog-KPM-G017	0.379791677	0.352564988	0.174574526	0.105394317	0.119913552	0.259674634	0	0.12998219	0.159731287	0.407983792	0.15220741	0.178337242	0.179367956	0.136717295	0.039750096	0.132218515	0.123238836	0.162235138	0.118318755	0.098125646	0.177400135	0.135204109	0.124580145	0.189649384	0.149084544	0.16109894	0.158331024	0.268885261	0.112792517	0.033181634	0.04522684	0.15426853	0.158964458	0.158964775	0.09744104	0.171015925	0.094499277	0.09536544	0.035757554	0.048483007	0.059957168	0.18294844	0.141495475	0.150799781	0.17452942	0.104352337	0.178905699	0.111070826	0.164203836	0.093333444	0.183011083	0.173974071	0.34448524	0.350329648	0.319443906
Kohl-LQ-Groundhog-KPM-G018	0.381299339	0.358722605	0.201590703	0.111717095	0.162895179	0.221936924	0.12998219	0	0.222903457	0.36631591	0.066536998	0.242064634	0.102039379	0.132862316	0.098608038	0.122286925	0.011507799	0.22633901	0.01528193	0.073102475	0.240760955	0.107289504	0.118939693	0.230677648	0.155915842	0.098640192	0.221398826	0.256168897	0.12815437	0.162327788	0.13797965	0.091635432	0.22247932	0.126450598	0.119664671	0.23410553	0.130879485	0.14966503	0.164644463	0.127246443	0.122724353	0.246660015	0.162304787	0.175491628	0.237617047	0.15624699	0.206958637	0.118213378	0.185692759	0.188418707	0.174657931	0.238007786	0.346228047	0.353141659	0.325369034
Kohl-LQ-Groundhog-KPM-G019	0.373404612	0.340425121	0.235741434	0.214815006	0.08801626	0.291517612	0.159731287	0.222903457	0	0.463727218	0.19693439	0.052625813	0.205490278	0.219667801	0.176749743	0.215840684	0.218839509	0.012924024	0.217050628	0.154695329	0.040215298	0.124374202	0.159619335	0.139521056	0.1617424	0.215453439	0.007400543	0.322983142	0.108310014	0.144285653	0.173589694	0.213080162	0.007956429	0.190468394	0.128409128	0.029241948	0.135283353	0.139433358	0.141544888	0.179807928	0.190636801	0.059246394	0.199124673	0.214041833	0.034633827	0.137207307	0.18959442	0.1374982	0.225992903	0.173574741	0.247989583	0.049600588	0.298569714	0.318400319	0.284445885
Kohl-LQ-Groundhog-KPM-G020	0.522613606	0.50144382	0.365228884	0.319276004	0.379315061	0.1821715	0.407983792	0.36631591	0.463727218	0	0.370011902	0.482848733	0.387517733	0.381685466	0.377174082	0.380074989	0.364994772	0.462744729	0.366820837	0.364934294	0.478575703	0.375531805	0.367103149	0.400152055	0.382693875	0.383719958	0.4610681	0.5101092	0.361185729	0.43988798	0.41420805	0.387040635	0.460873188	0.399483706	0.373946729	0.474406001	0.380024625	0.405011731	0.441785708	0.403258589	0.381707212	0.487335351	0.369617473	0.352913917	0.475904034	0.374470554	0.398330981	0.373599311	0.336250154	0.453457482	0.335809478	0.448554431	0.382716179	0.384298976	0.44164898
Kohl-LQ-Groundhog-KPM-G030	0.382461983	0.358944351	0.151887185	0.132028224	0.135252264	0.206468533	0.15220741	0.066536998	0.19693439	0.370011902	0	0.177105805	0.041355124	0.124321797	0.115440516	0.101414093	0.061413626	0.195285887	0.060755318	0.071200117	0.214369589	0.07774461	0.099182417	0.1817845	0.091365791	0.050213721	0.194974182	0.288991835	0.100170751	0.180656424	0.150672798	0.045901493	0.195519227	0.068112222	0.084959728	0.209216155	0.099405673	0.09930162	0.186351815	0.145665997	0.146239762	0.184106701	0.115243903	0.134549698	0.211222295	0.116722914	0.154436909	0.072580579	0.14939544	0.210062026	0.129526642	0.209456685	0.334070418	0.339525486	0.313516828
Kohl-LQ-Groundhog-KPM-G031	0.392108513	0.358885512	0.201694172	0.234090803	0.11206457	0.310664444	0.178337242	0.242064634	0.052625813	0.482848733	0.177105805	0	0.172884619	0.219941508	0.191869446	0.2052617	0.237674039	0.053894669	0.236692847	0.17093474	0.061105608	0.136886817	0.177606368	0.136451549	0.127757949	0.182771507	0.057180002	0.341788254	0.126058096	0.160634843	0.184575714	0.180944888	0.057871341	0.158288586	0.125594778	0.050961263	0.131360067	0.105176052	0.160495988	0.197434723	0.210097033	0.030606046	0.165078473	0.199973309	0.055133874	0.129767353	0.183490454	0.135527942	0.217206112	0.192453355	0.224673756	0.086360686	0.306840594	0.33436642	0.297522854
Kohl-LQ-Groundhog-KPM-G032	0.383315145	0.360838132	0.132392558	0.148587195	0.135644293	0.228876587	0.179367956	0.102039379	0.205490278	0.387517733	0.041355124	0.172884619	0	0.15319946	0.141054644	0.130952785	0.096589409	0.202642019	0.096290145	0.101845687	0.222081062	0.091588918	0.129835472	0.182793512	0.068966577	0.030779847	0.203729784	0.311591578	0.116541864	0.207948533	0.177404512	0.03683474	0.204446927	0.043292601	0.11495719	0.217923196	0.117541146	0.111448664	0.213546149	0.172198344	0.163612922	0.193525255	0.095615295	0.153900269	0.219627128	0.135831763	0.165408408	0.100148839	0.168753838	0.230913595	0.138623575	0.212093066	0.335758423	0.341152237	0.314760255
Kohl-LQ-Groundhog-KPM-G033	0.349073462	0.339966259	0.154054002	0.147456278	0.157193562	0.243593104	0.136717295	0.132862316	0.219667801	0.381685466	0.124321797	0.219941508	0.15319946	0	0.110194927	0.025888238	0.131509001	0.218196065	0.132490626	0.118309489	0.236969997	0.138725486	0.066189801	0.201442804	0.13507691	0.139837913	0.21857884	0.285429599	0.129857142	0.16565657	0.105019174	0.134673121	0.219145215	0.148313878	0.103299818	0.231643384	0.118486035	0.130404879	0.170774141	0.096175851	0.097889598	0.224787688	0.142518724	0.105128847	0.234352657	0.138676498	0.175041298	0.110406659	0.114892282	0.206588164	0.096657623	0.231126796	0.331908087	0.335610357	0.305817389
Kohl-LQ-Groundhog-KPM-G034	0.375472271	0.353516239	0.167541007	0.071462046	0.11371089	0.225515348	0.039750096	0.098608038	0.176749743	0.377174082	0.115440516	0.191869446	0.141054644	0.110194927	0	0.098294301	0.090412756	0.176146142	0.086556607	0.064273853	0.194114256	0.098821015	0.097911798	0.186597234	0.111102891	0.123565783	0.175486448	0.265733158	0.079489771	0.068461039	0.044657422	0.118805615	0.176241258	0.122732543	0.071770561	0.189069747	0.080526838	0.101559048	0.073704574	0.045153167	0.04994874	0.196803693	0.113406189	0.144247256	0.191577867	0.105860289	0.17281723	0.075060919	0.156670671	0.124096364	0.147770074	0.189298731	0.340417601	0.345887451	0.318129935
Kohl-LQ-Groundhog-KPM-G035	0.355687878	0.347767548	0.1404701	0.136102279	0.153940705	0.231951916	0.132218515	0.122286925	0.215840684	0.380074989	0.101414093	0.2052617	0.130952785	0.025888238	0.098294301	0	0.119979082	0.215244132	0.119830159	0.105107246	0.23385769	0.126518111	0.058709901	0.194328625	0.112606218	0.117458343	0.214613566	0.284714314	0.119256519	0.160849266	0.101911695	0.111567685	0.215329958	0.125591838	0.092440903	0.227431218	0.111544587	0.115118393	0.166248621	0.093366698	0.095587489	0.210166598	0.127280591	0.092563421	0.230855347	0.128708113	0.166092259	0.094821055	0.102794227	0.202635719	0.077411518	0.228371032	0.335344547	0.340971671	0.312860688
Kohl-LQ-Groundhog-KPM-G036	0.377034799	0.354298236	0.196938778	0.102888854	0.158468125	0.216161171	0.123238836	0.011507799	0.218839509	0.364994772	0.061413626	0.237674039	0.096589409	0.131509001	0.090412756	0.119979082	0	0.219654565	0.007555138	0.070798571	0.234541445	0.103870826	0.11566309	0.22604068	0.15102768	0.094545392	0.215752687	0.25438943	0.1228863	0.15509461	0.129917514	0.089197202	0.216035497	0.122801916	0.117380202	0.230208064	0.126673041	0.147429832	0.157166704	0.118420171	0.113758527	0.242830419	0.158454912	0.171085455	0.231900904	0.15157638	0.200499703	0.114597749	0.181703183	0.181317231	0.170895035	0.231158576	0.343042778	0.350394807	0.322122452
Kohl-LQ-Groundhog-KPM-G037	0.366383703	0.332568051	0.232962873	0.215552492	0.087382818	0.291789919	0.162235138	0.22633901	0.012924024	0.462744729	0.195285887	0.053894669	0.202642019	0.218196065	0.176146142	0.215244132	0.219654565	0	0.219631397	0.155012645	0.045248408	0.122371296	0.161182996	0.136932378	0.158752743	0.213239905	0.016338202	0.323911276	0.107015496	0.144570606	0.172003406	0.213113556	0.016015739	0.190384933	0.12836469	0.038186016	0.132649276	0.138776968	0.143315414	0.179441498	0.191223744	0.061911338	0.197242544	0.210976209	0.040808787	0.133236096	0.181473614	0.137181508	0.223635233	0.175162715	0.244650023	0.043097454	0.293403659	0.312771678	0.279315833
Kohl-LQ-Groundhog-KPM-G038	0.378527124	0.355364682	0.195972914	0.0997235	0.157843565	0.21691866	0.118318755	0.01528193	0.217050628	0.366820837	0.060755318	0.236692847	0.096290145	0.132490626	0.086556607	0.119830159	0.007555138	0.219631397	0	0.068161842	0.233336421	0.101895423	0.113872651	0.225148245	0.150527116	0.093297201	0.214628702	0.25479368	0.122254893	0.15049601	0.125968991	0.086514796	0.2145538	0.121250021	0.114678875	0.227763653	0.125421577	0.144835379	0.15244635	0.114953386	0.110318401	0.241715175	0.156868434	0.170024962	0.231148534	0.150593873	0.200157676	0.112968107	0.179952827	0.176480271	0.17305544	0.231364249	0.34410149	0.351982856	0.323686481
Kohl-LQ-Groundhog-KPM-G048	0.371955815	0.349036937	0.167003888	0.083823986	0.092455773	0.187464767	0.098125646	0.073102475	0.154695329	0.364934294	0.071200117	0.17093474	0.101845687	0.118309489	0.064273853	0.105107246	0.070798571	0.155012645	0.068161842	0	0.173717969	0.03905414	0.064576964	0.159521268	0.087815527	0.091272008	0.153398718	0.263456706	0.057826476	0.128196468	0.102997357	0.084510788	0.154299095	0.082259135	0.047643672	0.166207592	0.058391797	0.079937619	0.132789838	0.093339947	0.093334068	0.178293677	0.112913202	0.130298645	0.169334671	0.083848947	0.147904205	0.047500837	0.143164409	0.158844154	0.153972275	0.168426828	0.315845542	0.322040968	0.295050547
Kohl-LQ-Groundhog-KPM-G049	0.386637232	0.353011336	0.252449832	0.230857105	0.117521762	0.30851682	0.177400135	0.240760955	0.040215298	0.478575703	0.214369589	0.061105608	0.222081062	0.236969997	0.194114256	0.23385769	0.234541445	0.045248408	0.233336421	0.173717969	0	0.144805164	0.179873806	0.162190933	0.178386601	0.232420585	0.043163083	0.338276246	0.130059901	0.161721231	0.190830774	0.231379709	0.042757863	0.208749954	0.151079072	0.016576816	0.153564345	0.157890787	0.158337155	0.1968656	0.20620073	0.039464685	0.216195871	0.230377259	0.008129505	0.156928176	0.204249509	0.159326067	0.242942614	0.188970839	0.264146688	0.080076159	0.298821257	0.330045907	0.292279648
Kohl-LQ-Groundhog-KPM-G050	0.371723498	0.34816761	0.174658965	0.118528024	0.066857945	0.19843317	0.135204109	0.107289504	0.124374202	0.375531805	0.07774461	0.136886817	0.091588918	0.138725486	0.098821015	0.126518111	0.103870826	0.122371296	0.101895423	0.03905414	0.144805164	0	0.079158149	0.132460823	0.077141533	0.095478563	0.12877063	0.294266012	0.038390532	0.16419469	0.136850667	0.092439539	0.129508686	0.074799944	0.058016396	0.135134439	0.07809137	0.101024615	0.169498088	0.129743212	0.129877592	0.147660637	0.127985649	0.15402683	0.139035797	0.094959307	0.137783755	0.044601885	0.166712604	0.191424176	0.156899881	0.138386088	0.296727523	0.314419964	0.28529564
Kohl-LQ-Groundhog-KPM-G051	0.347149842	0.336595506	0.147961599	0.117556868	0.09829458	0.192984728	0.124580145	0.118939693	0.159619335	0.367103149	0.099182417	0.177606368	0.129835472	0.066189801	0.097911798	0.058709901	0.11566309	0.161182996	0.113872651	0.064576964	0.179873806	0.079158149	0	0.159997197	0.095962604	0.123632062	0.158732853	0.278117087	0.067067322	0.155137737	0.101200211	0.118533081	0.159437002	0.123073323	0.060804758	0.171194416	0.08024139	0.097198987	0.158762831	0.086456529	0.088075185	0.185692259	0.128043354	0.091148539	0.174336813	0.100487897	0.139301959	0.070486937	0.100173202	0.182998069	0.10475905	0.172151977	0.303528022	0.31176529	0.281623104
Kohl-LQ-Groundhog-KPM-G052	0.344123515	0.317279586	0.129754267	0.153034377	0.104892498	0.227427452	0.189649384	0.230677648	0.139521056	0.400152055	0.1817845	0.136451549	0.182793512	0.201442804	0.186597234	0.194328625	0.22604068	0.136932378	0.225148245	0.159521268	0.162190933	0.132460823	0.159997197	0	0.132185486	0.192462687	0.139243887	0.31774571	0.120137128	0.187087483	0.178143606	0.198366459	0.14003435	0.176024265	0.123105794	0.151778357	0.12452128	0.136380183	0.189285608	0.183058684	0.177724805	0.147629563	0.148319506	0.123247069	0.157272579	0.102096117	0.126094697	0.127210245	0.134024657	0.202787309	0.156886563	0.126486111	0.275635898	0.287987028	0.253551961
Kohl-LQ-Groundhog-KPM-G053	0.36619659	0.351710501	0.108003112	0.126719376	0.085755542	0.211883599	0.149084544	0.155915842	0.1617424	0.382693875	0.091365791	0.127757949	0.068966577	0.13507691	0.111102891	0.112606218	0.15102768	0.158752743	0.150527116	0.087815527	0.178386601	0.077141533	0.095962604	0.132185486	0	0.075884005	0.163553499	0.310559811	0.066668858	0.177707886	0.138804296	0.081628994	0.164478315	0.062242825	0.069907979	0.173768988	0.072035043	0.065351964	0.183365948	0.133660216	0.123486021	0.147861676	0.064427712	0.12122239	0.17572447	0.08474796	0.126665617	0.063887646	0.138970088	0.198900688	0.116557232	0.16259488	0.313097734	0.32086736	0.292567819
Kohl-LQ-Groundhog-KPM-G054	0.387155341	0.364653539	0.105117271	0.135791793	0.144974748	0.229522264	0.16109894	0.098640192	0.215453439	0.383719958	0.050213721	0.182771507	0.030779847	0.139837913	0.123565783	0.117458343	0.094545392	0.213239905	0.093297201	0.091272008	0.232420585	0.095478563	0.123632062	0.192462687	0.075884005	0	0.213711288	0.301404949	0.112339644	0.190677195	0.160229438	0.009584132	0.214929012	0.037175995	0.104849387	0.227278812	0.112151326	0.10114545	0.196088583	0.155535206	0.146316068	0.202985012	0.073418544	0.145571959	0.229973518	0.129812062	0.167446792	0.090489513	0.162743844	0.213087755	0.135146057	0.223333536	0.350820085	0.357453205	0.330059527
Kohl-LQ-Groundhog-KPM-G055	0.370394525	0.337368323	0.234251792	0.212479935	0.087180802	0.289079147	0.158331024	0.221398826	0.007400543	0.4610681	0.194974182	0.057180002	0.203729784	0.21857884	0.175486448	0.214613566	0.215752687	0.016338202	0.214628702	0.153398718	0.043163083	0.12877063	0.158732853	0.139243887	0.163553499	0.213711288	0	0.320284484	0.11128569	0.1426615	0.172345605	0.212196367	0.002921826	0.189553823	0.127218289	0.033159897	0.133718681	0.138029819	0.139943467	0.17822177	0.188163907	0.064359939	0.197742787	0.212456199	0.037833222	0.13534995	0.189843172	0.136660718	0.224624226	0.171092938	0.246328242	0.051440376	0.301768539	0.319063926	0.28448603
Kohl-LQ-Groundhog-KPM-G056	0.415198437	0.427942485	0.319686986	0.269541674	0.296094865	0.371553073	0.268885261	0.256168897	0.322983142	0.5101092	0.288991835	0.341788254	0.311591578	0.285429599	0.265733158	0.284714314	0.25438943	0.323911276	0.25479368	0.263456706	0.338276246	0.294266012	0.278117087	0.31774571	0.310559811	0.301404949	0.320284484	0	0.28590701	0.273208503	0.268729303	0.298969418	0.320656093	0.315747037	0.280430458	0.332361126	0.277157886	0.289899824	0.273539034	0.267821541	0.261490434	0.345657496	0.304318902	0.296573875	0.33543122	0.281579545	0.318120424	0.290425423	0.304346621	0.223056538	0.316815272	0.322573276	0.42225353	0.431469055	0.40219117
Kohl-LQ-Groundhog-KPM-G066	0.360540766	0.33774934	0.157335178	0.110363107	0.042257507	0.187496966	0.112792517	0.12815437	0.108310014	0.361185729	0.100170751	0.126058096	0.116541864	0.129857142	0.079489771	0.119256519	0.1228863	0.107015496	0.122254893	0.057826476	0.130059901	0.038390532	0.067067322	0.120137128	0.066668858	0.112339644	0.11128569	0.28590701	0	0.143409132	0.116709931	0.116803402	0.112151823	0.108181201	0.04011505	0.120762925	0.053850773	0.08307553	0.146984235	0.111286099	0.107347692	0.13791045	0.101644089	0.137483362	0.12536152	0.068929219	0.127731707	0.04197994	0.150062203	0.166530569	0.147699272	0.115006388	0.291298221	0.306438587	0.276797569
Kohl-LQ-Groundhog-KPM-G067	0.382313779	0.353641866	0.203650659	0.137593972	0.150889548	0.290885538	0.033181634	0.162327788	0.144285653	0.43988798	0.180656424	0.160634843	0.207948533	0.16565657	0.068461039	0.160849266	0.15509461	0.144570606	0.15049601	0.128196468	0.161721231	0.16419469	0.155137737	0.187087483	0.177707886	0.190677195	0.1426615	0.273208503	0.143409132	0	0.063103056	0.184006462	0.143407734	0.188308576	0.125935736	0.154488812	0.123504073	0.123710443	0.011748554	0.073874584	0.090815652	0.164330972	0.171314888	0.178321278	0.157776799	0.133277884	0.199422165	0.138973047	0.190935329	0.092184017	0.209789361	0.159846129	0.34747023	0.353295352	0.322272164
Kohl-LQ-Groundhog-KPM-G068	0.359921205	0.346572015	0.155053679	0.10763661	0.131253074	0.265530128	0.04522684	0.13797965	0.173589694	0.41420805	0.150672798	0.184575714	0.177404512	0.105019174	0.044657422	0.101911695	0.129917514	0.172003406	0.125968991	0.102997357	0.190830774	0.136850667	0.101200211	0.178143606	0.138804296	0.160229438	0.172345605	0.268729303	0.116709931	0.063103056	0	0.153947556	0.172700474	0.158078438	0.099006288	0.184609019	0.098800453	0.103795179	0.070946335	0.020713655	0.041372635	0.188616324	0.140597803	0.1179855	0.18684016	0.110382472	0.166032	0.109114509	0.130359658	0.124885316	0.150857307	0.184947418	0.340497426	0.346598266	0.315367642
Kohl-LQ-Groundhog-KPM-G069	0.392082171	0.370048503	0.111191556	0.138192259	0.150979068	0.233359786	0.15426853	0.091635432	0.213080162	0.387040635	0.045901493	0.180944888	0.03683474	0.134673121	0.118805615	0.111567685	0.089197202	0.213113556	0.086514796	0.084510788	0.231379709	0.092439539	0.118533081	0.198366459	0.081628994	0.009584132	0.212196367	0.298969418	0.116803402	0.184006462	0.153947556	0	0.213153379	0.036834488	0.098434467	0.224764528	0.114050315	0.094591534	0.18947775	0.149574834	0.148044642	0.201021974	0.077645417	0.147080115	0.22818716	0.13162512	0.172598871	0.087568631	0.164885426	0.209298148	0.141567066	0.227001667	0.355136477	0.362849243	0.33541286
Kohl-LQ-Groundhog-KPM-G070	0.369330145	0.336073882	0.23488359	0.213369823	0.088351037	0.289596663	0.158964458	0.22247932	0.007956429	0.460873188	0.195519227	0.057871341	0.204446927	0.219145215	0.176241258	0.215329958	0.216035497	0.016015739	0.2145538	0.154299095	0.042757863	0.129508686	0.159437002	0.14003435	0.164478315	0.214929012	0.002921826	0.320656093	0.112151823	0.143407734	0.172700474	0.213153379	0	0.190427842	0.128085776	0.034365705	0.134468197	0.139063665	0.140083015	0.178717688	0.18896629	0.06526606	0.19860054	0.213078208	0.037605817	0.135321761	0.189222268	0.137325968	0.225301235	0.171443731	0.246949742	0.051277401	0.301234851	0.318424385	0.284240469
Kohl-LQ-Groundhog-KPM-G071	0.391605543	0.368129946	0.120386254	0.141121597	0.128731129	0.240333037	0.158964775	0.126450598	0.190468394	0.399483706	0.068112222	0.158288586	0.043292601	0.148313878	0.122732543	0.125591838	0.122801916	0.190384933	0.121250021	0.082259135	0.208749954	0.074799944	0.123073323	0.176024265	0.062242825	0.037175995	0.189553823	0.315747037	0.108181201	0.188308576	0.158078438	0.036834488	0.190427842	0	0.095300445	0.202312605	0.107767543	0.091449861	0.19383135	0.153663991	0.153557121	0.178522829	0.069744345	0.153070748	0.205623104	0.127470511	0.16504169	0.080471637	0.170831032	0.214929203	0.144339337	0.204364278	0.34492106	0.350643184	0.324696778
Kohl-LQ-Groundhog-KPM-G072	0.373051118	0.348810094	0.145186174	0.113963844	0.066149215	0.1994395	0.09744104	0.119664671	0.128409128	0.373946729	0.084959728	0.125594778	0.11495719	0.103299818	0.071770561	0.092440903	0.117380202	0.12836469	0.114678875	0.047643672	0.151079072	0.058016396	0.060804758	0.123105794	0.069907979	0.104849387	0.127218289	0.280430458	0.04011505	0.125935736	0.099006288	0.098434467	0.128085776	0.095300445	0	0.139775526	0.029699354	0.0442846	0.131702234	0.101302138	0.105660926	0.136022942	0.081881416	0.114409991	0.145162101	0.043975933	0.123743178	0.028895345	0.126826352	0.155915984	0.14114869	0.142530055	0.311265043	0.323827935	0.293586011
Kohl-LQ-Groundhog-KPM-G073	0.384138033	0.35156542	0.247762144	0.226315974	0.106725052	0.302714318	0.171015925	0.23410553	0.029241948	0.474406001	0.209216155	0.050961263	0.217923196	0.231643384	0.189069747	0.227431218	0.230208064	0.038186016	0.227763653	0.166207592	0.016576816	0.135134439	0.171194416	0.151778357	0.173768988	0.227278812	0.033159897	0.332361126	0.120762925	0.154488812	0.184609019	0.224764528	0.034365705	0.202312605	0.139775526	0	0.147535301	0.150760023	0.152720543	0.191835588	0.201330412	0.036775132	0.211075227	0.22588893	0.010061338	0.149606231	0.200988903	0.149733692	0.238221958	0.184083409	0.258973961	0.071968491	0.29695003	0.327567786	0.289335524
Kohl-LQ-Groundhog-KPM-G074	0.368001779	0.342939475	0.143232736	0.114688935	0.063597746	0.206526153	0.094499277	0.130879485	0.135283353	0.380024625	0.099405673	0.131360067	0.117541146	0.118486035	0.080526838	0.111544587	0.126673041	0.132649276	0.125421577	0.058391797	0.153564345	0.07809137	0.08024139	0.12452128	0.072035043	0.112151326	0.133718681	0.277157886	0.053850773	0.123504073	0.098800453	0.114050315	0.134468197	0.107767543	0.029699354	0.147535301	0	0.049575694	0.129188159	0.100457866	0.097025092	0.139073739	0.083115217	0.110421514	0.149285059	0.033184628	0.116589589	0.051341303	0.124009787	0.147947152	0.145384335	0.141802552	0.310572129	0.318522662	0.287253254
Kohl-LQ-Groundhog-KPM-G084	0.381781276	0.35422076	0.115621012	0.143483071	0.090523379	0.233824013	0.09536544	0.14966503	0.139433358	0.405011731	0.09930162	0.105176052	0.111448664	0.130404879	0.101559048	0.115118393	0.147429832	0.138776968	0.144835379	0.079937619	0.157890787	0.101024615	0.097198987	0.136380183	0.065351964	0.10114545	0.138029819	0.289899824	0.08307553	0.123710443	0.103795179	0.094591534	0.139063665	0.091449861	0.0442846	0.150760023	0.049575694	0	0.129523136	0.106707502	0.119040981	0.127642973	0.073023235	0.110508728	0.154323122	0.050886935	0.13304182	0.069388739	0.128951917	0.154317706	0.150608287	0.152577501	0.328466557	0.33364155	0.303843739
Kohl-LQ-Groundhog-KPM-G085	0.381593747	0.352413849	0.208900131	0.139283267	0.154961012	0.293412066	0.035757554	0.164644463	0.141544888	0.441785708	0.186351815	0.160495988	0.213546149	0.170774141	0.073704574	0.166248621	0.157166704	0.143315414	0.15244635	0.132789838	0.158337155	0.169498088	0.158762831	0.189285608	0.183365948	0.196088583	0.139943467	0.273539034	0.146984235	0.011748554	0.070946335	0.18947775	0.140083015	0.19383135	0.131702234	0.152720543	0.129188159	0.129523136	0	0.081635837	0.093495905	0.165645517	0.176683907	0.184201325	0.155726698	0.138412409	0.204734488	0.144811776	0.196422075	0.086456672	0.216442308	0.158587802	0.345829508	0.351597038	0.320849752
Kohl-LQ-Groundhog-KPM-G086	0.35928907	0.346874527	0.151931588	0.097117297	0.127500759	0.254012108	0.048483007	0.127246443	0.179807928	0.403258589	0.145665997	0.197434723	0.172198344	0.096175851	0.045153167	0.093366698	0.118420171	0.179441498	0.114953386	0.093339947	0.1968656	0.129743212	0.086456529	0.183058684	0.133660216	0.155535206	0.17822177	0.267821541	0.111286099	0.073874584	0.020713655	0.149574834	0.178717688	0.153663991	0.101302138	0.191835588	0.100457866	0.106707502	0.081635837	0	0.030558312	0.202171119	0.141957324	0.112252461	0.194094837	0.112943381	0.16989515	0.106914856	0.125902579	0.132106076	0.14327601	0.190943406	0.33817445	0.343936121	0.313049495
Kohl-LQ-Groundhog-KPM-G087	0.345198645	0.336659727	0.139616014	0.075157893	0.115047447	0.23533755	0.059957168	0.122724353	0.190636801	0.381707212	0.146239762	0.210097033	0.163612922	0.097889598	0.04994874	0.095587489	0.113758527	0.191223744	0.110318401	0.093334068	0.20620073	0.129877592	0.088075185	0.177724805	0.123486021	0.146316068	0.188163907	0.261490434	0.107347692	0.090815652	0.041372635	0.148044642	0.18896629	0.153557121	0.105660926	0.201330412	0.097025092	0.119040981	0.093495905	0.030558312	0	0.214433803	0.12847378	0.105168263	0.203736137	0.108186427	0.164034689	0.11276993	0.118872699	0.127666751	0.130873692	0.191431157	0.330407668	0.336486507	0.304015324
Kohl-LQ-Groundhog-KPM-G088	0.397279312	0.364483246	0.222430273	0.239045164	0.123605037	0.318684778	0.18294844	0.246660015	0.059246394	0.487335351	0.184106701	0.030606046	0.193525255	0.224787688	0.196803693	0.210166598	0.242830419	0.061911338	0.241715175	0.178293677	0.039464685	0.147660637	0.185692259	0.147629563	0.147861676	0.202985012	0.064359939	0.345657496	0.13791045	0.164330972	0.188616324	0.201021974	0.06526606	0.178522829	0.136022942	0.036775132	0.139073739	0.127642973	0.165645517	0.202171119	0.214433803	0	0.185146873	0.204562386	0.034878463	0.139951075	0.188912545	0.145933492	0.221844575	0.197164088	0.233859195	0.093996826	0.310530334	0.340037799	0.303288616
Kohl-LQ-Groundhog-KPM-G089	0.37518155	0.354036386	0.076563766	0.114740665	0.111571545	0.218576694	0.141495475	0.162304787	0.199124673	0.369617473	0.115243903	0.165078473	0.095615295	0.142518724	0.113406189	0.127280591	0.158454912	0.197242544	0.156868434	0.112913202	0.216195871	0.127985649	0.128043354	0.148319506	0.064427712	0.073418544	0.197742787	0.304318902	0.101644089	0.171314888	0.140597803	0.077645417	0.19860054	0.069744345	0.081881416	0.211075227	0.083115217	0.073023235	0.176683907	0.141957324	0.12847378	0.185146873	0	0.107450469	0.213677023	0.073487958	0.14926525	0.097631119	0.124670785	0.188970117	0.117280467	0.188380283	0.33891938	0.342824913	0.314365479
Kohl-LQ-Groundhog-KPM-G090	0.335163253	0.329699365	0.070703668	0.094407673	0.137822469	0.195533408	0.150799781	0.175491628	0.214041833	0.352913917	0.134549698	0.199973309	0.153900269	0.105128847	0.144247256	0.092563421	0.171085455	0.210976209	0.170024962	0.130298645	0.230377259	0.15402683	0.091148539	0.123247069	0.12122239	0.145571959	0.212456199	0.296573875	0.137483362	0.178321278	0.1179855	0.147080115	0.213078208	0.153070748	0.114409991	0.22588893	0.110421514	0.110508728	0.184201325	0.112252461	0.105168263	0.204562386	0.107450469	0	0.228270771	0.089163159	0.120410513	0.128469531	0.020266978	0.201939785	0.059073995	0.200610668	0.304968568	0.307863429	0.277169069
Kohl-LQ-Groundhog-KPM-G091	0.384389435	0.35164543	0.25013581	0.22857586	0.112259551	0.30437058	0.17452942	0.237617047	0.034633827	0.475904034	0.211222295	0.055133874	0.219627128	0.234352657	0.191577867	0.230855347	0.231900904	0.040808787	0.231148534	0.169334671	0.008129505	0.139035797	0.174336813	0.157272579	0.17572447	0.229973518	0.037833222	0.33543122	0.12536152	0.157776799	0.18684016	0.22818716	0.037605817	0.205623104	0.145162101	0.010061338	0.149285059	0.154323122	0.155726698	0.194094837	0.203736137	0.034878463	0.213677023	0.228270771	0	0.151507586	0.202329751	0.153784439	0.240800904	0.187060456	0.260992971	0.075785756	0.298053816	0.328630878	0.290799128
Kohl-LQ-Groundhog-KPM-G092	0.3586823	0.33403006	0.121914014	0.1143146	0.059935021	0.200106737	0.104352337	0.15624699	0.137207307	0.374470554	0.116722914	0.129767353	0.135831763	0.138676498	0.105860289	0.128708113	0.15157638	0.133236096	0.150593873	0.083848947	0.156928176	0.094959307	0.100487897	0.102096117	0.08474796	0.129812062	0.13534995	0.281579545	0.068929219	0.133277884	0.110382472	0.13162512	0.135321761	0.127470511	0.043975933	0.149606231	0.033184628	0.050886935	0.138412409	0.112943381	0.108186427	0.139951075	0.073487958	0.089163159	0.151507586	0	0.106428014	0.06600586	0.102723554	0.153063055	0.13747816	0.126862006	0.301157933	0.3118166	0.278573837
Kohl-LQ-Groundhog-KPM-G102	0.294385162	0.267939895	0.142506501	0.157973425	0.129766136	0.23272663	0.178905699	0.206958637	0.18959442	0.398330981	0.154436909	0.183490454	0.165408408	0.175041298	0.17281723	0.166092259	0.200499703	0.181473614	0.200157676	0.147904205	0.204249509	0.137783755	0.139301959	0.126094697	0.126665617	0.167446792	0.189843172	0.318120424	0.127731707	0.199422165	0.166032	0.172598871	0.189222268	0.16504169	0.123743178	0.200988903	0.116589589	0.13304182	0.204734488	0.16989515	0.164034689	0.188912545	0.14926525	0.120410513	0.202329751	0.106428014	0	0.122427575	0.132658571	0.221691977	0.152395527	0.150301454	0.216286425	0.226087743	0.187529837
Kohl-LQ-Groundhog-KPM-G103	0.371555014	0.349689642	0.146916103	0.11182839	0.076153756	0.193883113	0.111070826	0.118213378	0.1374982	0.373599311	0.072580579	0.135527942	0.100148839	0.110406659	0.075060919	0.094821055	0.114597749	0.137181508	0.112968107	0.047500837	0.159326067	0.044601885	0.070486937	0.127210245	0.063887646	0.090489513	0.136660718	0.290425423	0.04197994	0.138973047	0.109114509	0.087568631	0.137325968	0.080471637	0.028895345	0.149733692	0.051341303	0.069388739	0.144811776	0.106914856	0.11276993	0.145933492	0.097631119	0.128469531	0.153784439	0.06600586	0.122427575	0	0.140977982	0.17637255	0.130059321	0.151273924	0.310910078	0.322786647	0.294806011
Kohl-LQ-Groundhog-KPM-G104	0.33454063	0.330043989	0.084851018	0.107206556	0.151144587	0.179279371	0.164203836	0.185692759	0.225992903	0.336250154	0.14939544	0.217206112	0.168753838	0.114892282	0.156670671	0.102794227	0.181703183	0.223635233	0.179952827	0.143164409	0.242942614	0.166712604	0.100173202	0.134024657	0.138970088	0.162743844	0.224624226	0.304346621	0.150062203	0.190935329	0.130359658	0.164885426	0.225301235	0.170831032	0.126826352	0.238221958	0.124009787	0.128951917	0.196422075	0.125902579	0.118872699	0.221844575	0.124670785	0.020266978	0.240800904	0.102723554	0.132658571	0.140977982	0	0.214378961	0.068753921	0.213404661	0.297356792	0.299944953	0.270406297
Kohl-LQ-Groundhog-KPM-G105	0.371217509	0.346863225	0.224634439	0.15911669	0.167801053	0.307282231	0.093333444	0.188418707	0.173574741	0.453457482	0.210062026	0.192453355	0.230913595	0.206588164	0.124096364	0.202635719	0.181317231	0.175162715	0.176480271	0.158844154	0.188970839	0.191424176	0.182998069	0.202787309	0.198900688	0.213087755	0.171092938	0.223056538	0.166530569	0.092184017	0.124885316	0.209298148	0.171443731	0.214929203	0.155915984	0.184083409	0.147947152	0.154317706	0.086456672	0.132106076	0.127666751	0.197164088	0.188970117	0.201939785	0.187060456	0.153063055	0.221691977	0.17637255	0.214378961	0	0.246776225	0.17968852	0.342631966	0.351508487	0.319754121
Kohl-LQ-Groundhog-KPM-G106	0.338710374	0.335869231	0.08524727	0.110686897	0.160791976	0.186168716	0.183011083	0.174657931	0.247989583	0.335809478	0.129526642	0.224673756	0.138623575	0.096657623	0.147770074	0.077411518	0.170895035	0.244650023	0.17305544	0.153972275	0.264146688	0.156899881	0.10475905	0.156886563	0.116557232	0.135146057	0.246328242	0.316815272	0.147699272	0.209789361	0.150857307	0.141567066	0.246949742	0.144339337	0.14114869	0.258973961	0.145384335	0.150608287	0.216442308	0.14327601	0.130873692	0.233859195	0.117280467	0.059073995	0.260992971	0.13747816	0.152395527	0.130059321	0.068753921	0.246776225	0	0.233998016	0.311627202	0.316121429	0.287212139
Kohl-LQ-Groundhog-KPM-G107	0.33964245	0.30368477	0.222512469	0.203621618	0.085707523	0.279568456	0.173974071	0.238007786	0.049600588	0.448554431	0.209456685	0.086360686	0.212093066	0.231126796	0.189298731	0.228371032	0.231158576	0.043097454	0.231364249	0.168426828	0.080076159	0.138386088	0.172151977	0.126486111	0.16259488	0.223333536	0.051440376	0.322573276	0.115006388	0.159846129	0.184947418	0.227001667	0.051277401	0.204364278	0.142530055	0.071968491	0.141802552	0.152577501	0.158587802	0.190943406	0.191431157	0.093996826	0.188380283	0.200610668	0.075785756	0.126862006	0.150301454	0.151273924	0.213404661	0.17968852	0.233998016	0	0.263143287	0.280437546	0.245660955
Kohl-LQ-Groundhog-KPM-G108	0.334231619	0.301801447	0.321936778	0.313104465	0.291248648	0.245654178	0.34448524	0.346228047	0.298569714	0.382716179	0.334070418	0.306840594	0.335758423	0.331908087	0.340417601	0.335344547	0.343042778	0.293403659	0.34410149	0.315845542	0.298821257	0.296727523	0.303528022	0.275635898	0.313097734	0.350820085	0.301768539	0.42225353	0.291298221	0.34747023	0.340497426	0.355136477	0.301234851	0.34492106	0.311265043	0.29695003	0.310572129	0.328466557	0.345829508	0.33817445	0.330407668	0.310530334	0.33891938	0.304968568	0.298053816	0.301157933	0.216286425	0.310910078	0.297356792	0.342631966	0.311627202	0.263143287	0	0.106871358	0.151376902
Kohl-LQ-Groundhog-KPM-G109	0.309197754	0.262413402	0.327509206	0.317066996	0.303734774	0.25671566	0.350329648	0.353141659	0.318400319	0.384298976	0.339525486	0.33436642	0.341152237	0.335610357	0.345887451	0.340971671	0.350394807	0.312771678	0.351982856	0.322040968	0.330045907	0.314419964	0.31176529	0.287987028	0.32086736	0.357453205	0.319063926	0.431469055	0.306438587	0.353295352	0.346598266	0.362849243	0.318424385	0.350643184	0.323827935	0.327567786	0.318522662	0.33364155	0.351597038	0.343936121	0.336486507	0.340037799	0.342824913	0.307863429	0.328630878	0.3118166	0.226087743	0.322786647	0.299944953	0.351508487	0.316121429	0.280437546	0.106871358	0	0.138454015
Kohl-LQ-Groundhog-KPM-G110	0.284878092	0.228687839	0.295843429	0.288659662	0.270397054	0.302954614	0.319443906	0.325369034	0.284445885	0.44164898	0.313516828	0.297522854	0.314760255	0.305817389	0.318129935	0.312860688	0.322122452	0.279315833	0.323686481	0.295050547	0.292279648	0.28529564	0.281623104	0.253551961	0.292567819	0.330059527	0.28448603	0.40219117	0.276797569	0.322272164	0.315367642	0.33541286	0.284240469	0.324696778	0.293586011	0.289335524	0.287253254	0.303843739	0.320849752	0.313049495	0.304015324	0.303288616	0.314365479	0.277169069	0.290799128	0.278573837	0.187529837	0.294806011	0.270406297	0.319754121	0.287212139	0.245660955	0.151376902	0.138454015	0